{"cameraMode":{"drawMode":0,"name":"Shaded","section":"Shading Mode"},"sceneLighting":false,"audioPlay":false,"sceneViewState":{"m_AlwaysRefresh":false,"showFog":true,"showSkybox":false,"showFlares":true,"showImageEffects":true,"showParticleSystems":true,"showVisualEffectGraphs":true,"m_FxEnabled":true},"in2DMode":false,"pivot":{"x":-0.0003845319151878357,"y":0.09759847074747086,"z":0.0004524439573287964},"rotation":{"x":0.005500602535903454,"y":0.3855602443218231,"z":0.002661587903276086,"w":-0.9231057167053223},"size":0.16160839796066285,"orthographic":false}