{"cameraMode":{"drawMode":0,"name":"Shaded","section":"Shading Mode"},"sceneLighting":false,"audioPlay":false,"sceneViewState":{"m_AlwaysRefresh":false,"showFog":true,"showSkybox":false,"showFlares":true,"showImageEffects":true,"showParticleSystems":true,"showVisualEffectGraphs":true,"m_FxEnabled":true},"in2DMode":false,"pivot":{"x":-0.07189738750457764,"y":0.18029043078422547,"z":-0.24946808815002442},"rotation":{"x":-0.031122887507081033,"y":-0.9687690138816834,"z":0.16712798178195954,"w":-0.1811380535364151},"size":0.5798996686935425,"orthographic":false}