{"cameraMode":{"drawMode":0,"name":"Shaded","section":"Shading Mode"},"sceneLighting":true,"audioPlay":false,"sceneViewState":{"m_AlwaysRefresh":false,"showFog":true,"showSkybox":true,"showFlares":true,"showImageEffects":true,"showParticleSystems":true,"showVisualEffectGraphs":true,"m_FxEnabled":true},"in2DMode":false,"pivot":{"x":2.9244155883789064,"y":34.783447265625,"z":23.65325927734375},"rotation":{"x":0.31149062514305117,"y":-0.05564481392502785,"z":0.008309809491038323,"w":0.9499925374984741},"size":117.81542205810547,"orthographic":false}