{"cameraMode":{"drawMode":0,"name":"Shaded","section":"Shading Mode"},"sceneLighting":false,"audioPlay":false,"sceneViewState":{"m_AlwaysRefresh":false,"showFog":true,"showSkybox":false,"showFlares":true,"showImageEffects":true,"showParticleSystems":true,"showVisualEffectGraphs":true,"m_FxEnabled":true},"in2DMode":false,"pivot":{"x":0.30485081672668459,"y":0.44860994815826418,"z":0.2313748598098755},"rotation":{"x":0.026490192860364915,"y":0.967737078666687,"z":-0.11302325129508972,"w":0.2251439392566681},"size":0.8201261758804321,"orthographic":false}